sequence chains,pred 1 overall score,pred 1 individual score_terms,,pred 2 overall score, pred 2 individual score terms

Iteration 1	,,,overall_score,pLDDT_chainABC,weighted_pLDDT_chainABC,ipTM,weighted_ipTM,ContactScore,weighted_ContactScore
YKKNKSVLTIKFKVKDFGFPPITKDVINEAKKYYNTSSIWIKNILTSIIIGEMGKFLQELTGKNTKYINIALSEEWKDKHPYHLFTKEFKDEEKANAVYYYYMPEKKLDGYGGNIL,TGTCAGAATGAATT,AATTCATTCT,-45.096294310096035 | ,44.99629431009603,-44.99629431009603,0.1,-0.1,0,-0.0
MKKNKSVKTIKFKVKDKNFCPITKDVIVEYKKLYNTSSIWKKNYLTSITIGEMGKFLQEKTGKNTSYINIALRLYWKDKHMYHLFTKEFKDEESKNALLYYYMRENKNDGYNGNDH,TGTCAGAATGAATT,AATTCATTCT,-43.405712634348404 | ,43.3157126343484,-43.3157126343484,0.09,-0.09,0,-0.0
MKKNKIVKNIKFKVKHFNFCHITKDVINEYKKYYNTSSIWIKNNLTSITEGSMGKFLQELTGKNTKDINIALSEEWKDKAMQHLFTKEFHDEMSARALLSYYMRENKLDGRNGNIL,TGTCAGAATGAATT,AATTCATTCT,-43.236622179305364 | ,43.13662217930536,-43.13662217930536,0.1,-0.1,0,-0.0
MKKNKSVKAIKLKEKFFNFCPRTKDVINEYKKYYNTSSIWIKNNLTSSTIGLMGKFLQELTGKNTKYISIALSEEWKDKNMYHLFTKEFKDEESANALLYRQRRENLLDGYMGNIL,TGTCAGAATGAATT,AATTCATTCT,-41.961435466114345 | ,41.861435466114344,-41.861435466114344,0.1,-0.1,0,-0.0
MKSNKSVKTIKSKVKDFNFCPIFKDVINEYKKYYNTFSIWINNNLTDITIGEMGKFLNELTGKNTKYINEALSEEWKDKHMYHYFTKEFKSREIANALHYYYMVENKLDGYNGNIL,TGTCAGAATGAATT,AATTCATTCT,-41.59419130653829 | ,41.49419130653829,-41.49419130653829,0.1,-0.1,0,-0.0
MKKNKSVKTIKFKVKDFYFSPITKDVINEYKKFYNTSSIWIKNMLTSITIGEMGKFLQELTHKTTKYINIALSEEWKDKHMYHLFKKEFKNEENADALHDHYMRENKLDGFNGNIL,TGTCAGAATGAATT,AATTCATTCT,-40.64959710093546 | ,40.54959710093546,-40.54959710093546,0.1,-0.1,0,-0.0
MKKNKYVKTIKFKGKDFNFCPSTKDSINRYKKWYNTSSVWDKNNLTSSTIGQMGKFLQELTGKNTLYINIALSEEWKDKHMQHLFTKEFKDEESANALVYYYMRENKLDGYKGNIL,TGTCAGAATGAATT,AATTCATTCT,-38.51024658531123 | ,38.41024658531123,-38.41024658531123,0.1,-0.1,0,-0.0
MKKKKPVKTRKFKVKDFNFCPITKDVINEYLKYYNTSSFWIKNNLTSITIGEMGKFLQELTRKNTKYINIALSEEWKDKHDVWLFTKIFKDEEHANAMLGYYMRENKLDGYNMNIL,TGTCAGAATGAATT,AATTCATTCT,-38.04573353920984 | ,37.94573353920984,-37.94573353920984,0.1,-0.1,0,-0.0
MIKNKSVKTIKMSVKDFNLCPITKDVINEYKKYYNTSSIWWKANLTSIFIGEMGKFLQELTGMNTKYINIALSEEKKDKRMYSLFTKEFKDEESAPALKYYYQRENKLDGYNGNIL,TGTCAGAATGAATT,AATTCATTCT,-36.99699409737772 | ,36.89699409737772,-36.89699409737772,0.1,-0.1,0,-0.0
MKKNKSVKTIKNKVKHFNFCPKSKDVINNYKFGYNRSSIWIKNNLTSITIGEMGKFLQELTGKNTKYINIALSEEWKDVHMYHVFTKMFKDEESANALLYYYMRANKLYKYNGNIL,TGTCAGAATGAATT,AATTCATTCT,-36.34888595312733 | ,36.24888595312733,-36.24888595312733,0.1,-0.1,0,-0.0
MKKNKSVKTIKFKVKDFNFCPITKDVINEYKKYYNTSSIWIKNNLTSITIGEMGKFLQELTGKNTKYINIALSEEWKDKHMYHLFTKEFKDEESANALLYYYMRENKLDGYNGNIL,TGTCAGAATGAATT,AATTCATTCT,-36.26358151092202 | ,36.16358151092202,-36.16358151092202,0.1,-0.1,0,-0.0
MKKNKPVKTIKFKVKDFEFCPITKDVINSYKKYYNTPSIRSKNHETSSTIGEMGKFLQELTGKNAKYIVIALSEEWKDKHMYHLFTKEFKDEESANALLYYYMRTNSLDGYHGNIL,TGTCAGAATGAATT,AATTCATTCT,-36.12783250609544 | ,36.027832506095436,-36.027832506095436,0.1,-0.1,0,-0.0
MKHNKSVKTIKFKVKDVNFCPITKDVINEYKKYRNLSSIWIKMNLTSITWGEMDKFKQELTGKNTKYIYIALSEEWKDKNMNIWFTKEFKDEESANALSYYYMRENKLDGYNGNIL,TGTCAGAATGAATT,AATTCATTCT,-36.067983215778476 | ,35.967983215778474,-35.967983215778474,0.1,-0.1,0,-0.0
MPKNKSVKTIKFYVKDFNFCPITKDVYNEYKKYYNTSSIWIKNNLTSITIREMGKFLQELTGMNTKYINIAPREEWKDMHFYHNFTKEKKDEMSAFALLYYYMRENKLDGYNGNML,TGTCAGAATGAATT,AATTCATTCT,-35.44908958115639 | ,35.35908958115639,-35.35908958115639,0.09,-0.09,0,-0.0
MKKNLSVKTTKFKVKDFNICPITKDVINEYKKYYNTSSKWIKNPLTSDTIGEMGKFSQYLTGKNTKYINIALSEEWKDVHMYHLFTKEFKDSESINPLLYYYARENKLDRYNGNIL,TGTCAGAATGAATT,AATTCATTCT,-35.34184396302931 | ,35.24184396302931,-35.24184396302931,0.1,-0.1,0,-0.0
MQENKSVKTIKFKVKDFNFCPITKRVINEYKKYYDTSSFWIKNNLTFITIGEMGKFLQELTGKVTAYINIALSEEWKDKHMWHLFTKEPKDEESMNALLYYYMRENKLDGYGHNGL,TGTCAGAATGAATT,AATTCATTCT,-34.910611832611835 | ,34.81061183261183,-34.81061183261183,0.1,-0.1,0,-0.0
MKDIKSVKYIKFKVKDFNFCPITKDVINEYKKYGGTSSIWIKNNLTSITIGEMGKFLQMLTGKDTKYINIELSEEWKDEHMYHLFTKEFKDEESTQALLYDYMREFKLDGYNGFIL,TGTCAGAATGAATT,AATTCATTCT,-34.327511814574315 | ,34.227511814574314,-34.227511814574314,0.1,-0.1,0,-0.0
MKKNKSVKEIKFYVKDFNFCPDTKDVENEYKKRYNTRSIWIKNNLTSITEGEMGKFLQENTLKNTKYINIALSEEWKDKHMYHLFTKEFKAQESANSLLWSYMRENKLDGYNGNIL,TGTCAGAATGAATT,AATTCATTCT,-33.5987245733194 | ,33.4987245733194,-33.4987245733194,0.1,-0.1,0,-0.0
MKKNKSVKTIKFKVKDFNFCGITKDVINELKKYYNTSYIWIKDNLTSYTIGESGKFLQPLTGKNTKYINIALVEEWKDKHMYHLFTKEFKFEESLNALLIVYMGENTLDGYNGNIL,TGTCAGAATGAATT,AATTCATTCT,-33.15885275787431 | ,33.058852757874305,-33.058852757874305,0.1,-0.1,0,-0.0
WKKNKSIKTIKFKVKDFFLCPITSDVINEYKKYYGTFSIWIKNNLTSITIGEMGKFLQEGTGKNTKYINIALSEEWKSKHMYHLWTKEFKDEESAHALLGYYSRNNKLDGYNGNIL,TGTCAGAATGAATT,AATTCATTCT,-32.550271184753946 | ,32.46027118475394,-32.46027118475394,0.09,-0.09,0,-0.0

Iteration 2	,,,overall_score,pLDDT_chainABC,weighted_pLDDT_chainABC,ipTM,weighted_ipTM,ContactScore,weighted_ContactScore
MAPPVPPERLAELAEVESRMPPLDEVIAEYSREYNVSREYLEENWTEETLARIAEFLSRKTGRDPELIALALAREAGDAELVARLEARRAAAAAAAAAAAAAAQAAAALAEAAARL,TGTCAGAATGAATT,AATTCATTCT,-84.96841269219284 | ,84.86841269219285,-84.86841269219285,0.1,-0.1,0,-0.0
PVPPVPAEEVALLEEYSSEMPPLDVVEADYSKKYKVSREYLERNWTRELLDDIARFLSEKTGKDPLYIALQLAIERKDEELAAILSRELRERREREAAEAAAAAAAAAAAAAAALA,TGTCAGAATGAATT,AATTCATTCT,-75.95151306476092 | ,75.85151306476092,-75.85151306476092,0.1,-0.1,0,-0.0
KKKKPKKKVKKVKLEDFEFIKVTKEIIDEYLKHYNISREWLENNISKISREEFSAFMSELTGKPVKYTLVVRKGNEDEDPDIILITKEFKNEEEEKKALEWLKKELGLEDLEFEII,TGTCAGAATGAATT,AATTCATTCT,-70.4810625559785 | ,70.3810625559785,-70.3810625559785,0.1,-0.1,0,-0.0
MIPPKKIPKKKLTLEELMKMEITDEMLEEFKKEVDLSSEEFQENFEEVFTELFAEWLSKKTGQDPEFIRVLLAIKMENEELLAKLLSKQKDESWKPWIERYLKEKGLESFWDGVIK,TGTCAGAATGAATT,AATTCATTCT,-70.4659732889237 | ,70.36597328892371,-70.36597328892371,0.1,-0.1,0,-0.0
PPPPVPVPPRRLTLEELLKMEITDEMIEEFKKEVDLSSEEFKKNFYEVFTKKLAEWLSRKTGQDPEFLQVLLAIKMKNKELLNKLLSKQKDEKWKPIIEKIYKEEGLMDKWDGVIK,TGTCAGAATGAATT,AATTCATTCT,-70.1816277429467 | ,70.08162774294671,-70.08162774294671,0.1,-0.1,0,-0.0
VVPKPPVPVKEVKLEDYEFIEVTQEIIDAFLEYYKISREWLDENIHKISREEFSAFMSKLTGKPIKYTLVRPVGLEEEDPSTLLISKEFENEEEAREALNWLKKKLGWEDLEFELI,TGTCAGAATGAATT,AATTCATTCT,-65.82228697380206 | ,65.72228697380207,-65.72228697380207,0.1,-0.1,0,-0.0
MVPPVPVSVLLEELKKIKLIPKSLEDLLSSKPGENILSELIRRNPLNWSNEEIAKWISEKTGKDPEKVIEFLGPSGTSMEKYEELVEFFQNEEVANALLYYKLVKDKLLFVNGKHV,TGTCAGAATGAATT,AATTCATTCT,-64.68508595810317 | ,64.58508595810318,-64.58508595810318,0.1,-0.1,0,-0.0
KVVIKKVVKIDFKISDFGFPPITDEVIAEAAKYYPTSPEEIRFILLSQILDEIRKELEKQTGVKLTDLTYKLPKEELERFPYVLLTTKSPDPELADIVTYTFVPLEDLEDLDELLP,TGTCAGAATGAATT,AATTCATTCT,-59.22841956199931 | ,59.12841956199931,-59.12841956199931,0.1,-0.1,0,-0.0
PVVKVKKKVIKFKIEDFGFPPITDEIIEEAAKKYPMSPEEIREILLSEILNEIRKILEKETGEKIEDLEYEFPKEELEKRPVVLLVVKSPDPELAGERVYLFVPLEDLEELDEPLP,TGTCAGAATGAATT,AATTCATTCT,-55.87783075521223 | ,55.77783075521223,-55.77783075521223,0.1,-0.1,0,-0.0
PPPPPPPIYIYFDPSKLGLRPLTPEQVAFLQTLLPLSPEEIRAMLSKLTPEEWKKYLEELKKNPKKGIPVPLTFEQILAGVLALFRRLYPDDEEAVAAFEEFLKENKLLGLSLPLP,TGTCAGAATGAATT,AATTCATTCT,-50.261579100736434 | ,50.16157910073643,-50.16157910073643,0.1,-0.1,0,-0.0
YKKNKSVLTIKFKVKDFGFPPITKDVINEAKKYYNTSSIWIKNILTSIIIGEMGKFLQELTGKNTKYINIALSEEWKDKHPYHLFTKEFKDEEKANAVYYYYMPEKKLDGYGGNIL,TGTCAGAATGAATT,AATTCATTCT,-45.096294310096035 | ,44.99629431009603,-44.99629431009603,0.1,-0.1,0,-0.0 | ,44.99629431009603,-44.99629431009603,0.1,-0.1,0,-0.0
MKKNKSVKTIKFKVKDKNFCPITKDVIVEYKKLYNTSSIWKKNYLTSITIGEMGKFLQEKTGKNTSYINIALRLYWKDKHMYHLFTKEFKDEESKNALLYYYMRENKNDGYNGNDH,TGTCAGAATGAATT,AATTCATTCT,-43.405712634348404 | ,43.3157126343484,-43.3157126343484,0.09,-0.09,0,-0.0 | ,43.3157126343484,-43.3157126343484,0.09,-0.09,0,-0.0
MKKNKIVKNIKFKVKHFNFCHITKDVINEYKKYYNTSSIWIKNNLTSITEGSMGKFLQELTGKNTKDINIALSEEWKDKAMQHLFTKEFHDEMSARALLSYYMRENKLDGRNGNIL,TGTCAGAATGAATT,AATTCATTCT,-43.236622179305364 | ,43.13662217930536,-43.13662217930536,0.1,-0.1,0,-0.0 | ,43.13662217930536,-43.13662217930536,0.1,-0.1,0,-0.0
MKKNKSVKAIKLKEKFFNFCPRTKDVINEYKKYYNTSSIWIKNNLTSSTIGLMGKFLQELTGKNTKYISIALSEEWKDKNMYHLFTKEFKDEESANALLYRQRRENLLDGYMGNIL,TGTCAGAATGAATT,AATTCATTCT,-41.961435466114345 | ,41.861435466114344,-41.861435466114344,0.1,-0.1,0,-0.0 | ,41.861435466114344,-41.861435466114344,0.1,-0.1,0,-0.0
MKSNKSVKTIKSKVKDFNFCPIFKDVINEYKKYYNTFSIWINNNLTDITIGEMGKFLNELTGKNTKYINEALSEEWKDKHMYHYFTKEFKSREIANALHYYYMVENKLDGYNGNIL,TGTCAGAATGAATT,AATTCATTCT,-41.59419130653829 | ,41.49419130653829,-41.49419130653829,0.1,-0.1,0,-0.0 | ,41.49419130653829,-41.49419130653829,0.1,-0.1,0,-0.0
MKKNKSVKTIKFKVKDFYFSPITKDVINEYKKFYNTSSIWIKNMLTSITIGEMGKFLQELTHKTTKYINIALSEEWKDKHMYHLFKKEFKNEENADALHDHYMRENKLDGFNGNIL,TGTCAGAATGAATT,AATTCATTCT,-40.64959710093546 | ,40.54959710093546,-40.54959710093546,0.1,-0.1,0,-0.0 | ,40.54959710093546,-40.54959710093546,0.1,-0.1,0,-0.0
MKKNKYVKTIKFKGKDFNFCPSTKDSINRYKKWYNTSSVWDKNNLTSSTIGQMGKFLQELTGKNTLYINIALSEEWKDKHMQHLFTKEFKDEESANALVYYYMRENKLDGYKGNIL,TGTCAGAATGAATT,AATTCATTCT,-38.51024658531123 | ,38.41024658531123,-38.41024658531123,0.1,-0.1,0,-0.0 | ,38.41024658531123,-38.41024658531123,0.1,-0.1,0,-0.0
MKKKKPVKTRKFKVKDFNFCPITKDVINEYLKYYNTSSFWIKNNLTSITIGEMGKFLQELTRKNTKYINIALSEEWKDKHDVWLFTKIFKDEEHANAMLGYYMRENKLDGYNMNIL,TGTCAGAATGAATT,AATTCATTCT,-38.04573353920984 | ,37.94573353920984,-37.94573353920984,0.1,-0.1,0,-0.0 | ,37.94573353920984,-37.94573353920984,0.1,-0.1,0,-0.0
MIKNKSVKTIKMSVKDFNLCPITKDVINEYKKYYNTSSIWWKANLTSIFIGEMGKFLQELTGMNTKYINIALSEEKKDKRMYSLFTKEFKDEESAPALKYYYQRENKLDGYNGNIL,TGTCAGAATGAATT,AATTCATTCT,-36.99699409737772 | ,36.89699409737772,-36.89699409737772,0.1,-0.1,0,-0.0 | ,36.89699409737772,-36.89699409737772,0.1,-0.1,0,-0.0
MKKNKSVKTIKNKVKHFNFCPKSKDVINNYKFGYNRSSIWIKNNLTSITIGEMGKFLQELTGKNTKYINIALSEEWKDVHMYHVFTKMFKDEESANALLYYYMRANKLYKYNGNIL,TGTCAGAATGAATT,AATTCATTCT,-36.34888595312733 | ,36.24888595312733,-36.24888595312733,0.1,-0.1,0,-0.0 | ,36.24888595312733,-36.24888595312733,0.1,-0.1,0,-0.0

Iteration 3	,,,overall_score,pLDDT_chainABC,weighted_pLDDT_chainABC,ipTM,weighted_ipTM,ContactScore,weighted_ContactScore
MAPPVPPERLAELAEVESRMPPLDEVIAEYSREYNVSREYLEENWTEETLARIAEFLSRKTGRDPELIALALAREAGDAELVARLEARRAAAAAAAAAAAAAAQAAAALAEAAARL,TGTCAGAATGAATT,AATTCATTCT,-84.96841269219284 | ,84.86841269219285,-84.86841269219285,0.1,-0.1,0,-0.0 | ,84.86841269219285,-84.86841269219285,0.1,-0.1,0,-0.0
PVPPVPAEEVALLEEYSSEMPPLDVVEADYSKKYKVSREYLERNWTRELLDDIARFLSEKTGKDPLYIALQLAIERKDEELAAILSRELRERREREAAEAAAAAAAAAAAAAAALA,TGTCAGAATGAATT,AATTCATTCT,-75.95151306476092 | ,75.85151306476092,-75.85151306476092,0.1,-0.1,0,-0.0 | ,75.85151306476092,-75.85151306476092,0.1,-0.1,0,-0.0
KKKKPKKKVKKVKLEDFEFIKVTKEIIDEYLKHYNISREWLENNISKISREEFSAFMSELTGKPVKYTLVVRKGNEDEDPDIILITKEFKNEEEEKKALEWLKKELGLEDLEFEII,TGTCAGAATGAATT,AATTCATTCT,-70.4810625559785 | ,70.3810625559785,-70.3810625559785,0.1,-0.1,0,-0.0 | ,70.3810625559785,-70.3810625559785,0.1,-0.1,0,-0.0
MIPPKKIPKKKLTLEELMKMEITDEMLEEFKKEVDLSSEEFQENFEEVFTELFAEWLSKKTGQDPEFIRVLLAIKMENEELLAKLLSKQKDESWKPWIERYLKEKGLESFWDGVIK,TGTCAGAATGAATT,AATTCATTCT,-70.4659732889237 | ,70.36597328892371,-70.36597328892371,0.1,-0.1,0,-0.0 | ,70.36597328892371,-70.36597328892371,0.1,-0.1,0,-0.0
PPPPVPVPPRRLTLEELLKMEITDEMIEEFKKEVDLSSEEFKKNFYEVFTKKLAEWLSRKTGQDPEFLQVLLAIKMKNKELLNKLLSKQKDEKWKPIIEKIYKEEGLMDKWDGVIK,TGTCAGAATGAATT,AATTCATTCT,-70.1816277429467 | ,70.08162774294671,-70.08162774294671,0.1,-0.1,0,-0.0 | ,70.08162774294671,-70.08162774294671,0.1,-0.1,0,-0.0
VVPKPPVPVKEVKLEDYEFIEVTQEIIDAFLEYYKISREWLDENIHKISREEFSAFMSKLTGKPIKYTLVRPVGLEEEDPSTLLISKEFENEEEAREALNWLKKKLGWEDLEFELI,TGTCAGAATGAATT,AATTCATTCT,-65.82228697380206 | ,65.72228697380207,-65.72228697380207,0.1,-0.1,0,-0.0 | ,65.72228697380207,-65.72228697380207,0.1,-0.1,0,-0.0
MVPPVPVSVLLEELKKIKLIPKSLEDLLSSKPGENILSELIRRNPLNWSNEEIAKWISEKTGKDPEKVIEFLGPSGTSMEKYEELVEFFQNEEVANALLYYKLVKDKLLFVNGKHV,TGTCAGAATGAATT,AATTCATTCT,-64.68508595810317 | ,64.58508595810318,-64.58508595810318,0.1,-0.1,0,-0.0 | ,64.58508595810318,-64.58508595810318,0.1,-0.1,0,-0.0
MIPPKKIPKKSLTLEENMGMENTMEMLEEFEKEVDLSSEEFQEPKEEVFFELFAEWLSKKTNQDPEFIRVLLAIKHENPELLAKLLSKQKDESWKPWIERYMKEDGLESFWDGVIK,TGTCAGAATGAATT,AATTCATTCT,-61.415373541448965 | ,61.31537354144896,-61.31537354144896,0.1,-0.1,0,-0.0
PVPPVPAEVVALLFEWSPEMPPLDVMEAMYSKKYKVSREYLERNWTSMMLDDIARFLSEKTGKDPLFIADQLAIERKDEELAAILSRELRERRERNAAEAARAAAAAAAAAAAALQ,TGTCAGAATGAATT,AATTCATTCT,-61.15545481290741 | ,61.055454812907406,-61.055454812907406,0.1,-0.1,0,-0.0
KVVIKKVVKIDFKISDFGFPPITDEVIAEAAKYYPTSPEEIRFILLSQILDEIRKELEKQTGVKLTDLTYKLPKEELERFPYVLLTTKSPDPELADIVTYTFVPLEDLEDLDELLP,TGTCAGAATGAATT,AATTCATTCT,-59.22841956199931 | ,59.12841956199931,-59.12841956199931,0.1,-0.1,0,-0.0 | ,59.12841956199931,-59.12841956199931,0.1,-0.1,0,-0.0
PVPDVPWEEWALLEEYSSEMPPLHVKEADYSKKYMVQREYLERNQTRELLDDIARFLSEKTGKDPLYIADQLAIERKDEELAAILSQTLRERREREPAEAAAAAIAAAAEAAAALA,TGTCAGAATGAATT,AATTCATTCT,-55.90055939630293 | ,55.80055939630293,-55.80055939630293,0.1,-0.1,0,-0.0
PVVKVKKKVIKFKIEDFGFPPITDEIIEEAAKKYPMSPEEIREILLSEILNEIRKILEKETGEKIEDLEYEFPKEELEKRPVVLLVVKSPDPELAGERVYLFVPLEDLEELDEPLP,TGTCAGAATGAATT,AATTCATTCT,-55.87783075521223 | ,55.77783075521223,-55.77783075521223,0.1,-0.1,0,-0.0 | ,55.77783075521223,-55.77783075521223,0.1,-0.1,0,-0.0
PNPPVPAEMVARLWEYSSHMPPLDVVEADYSKSYKVVREYLTEEWTRELLDDIARFLSEKTGKDPLYKALQLAIERGDEELAAILSRELRERREVEAAEASAAAAAAAAAAAAALA,TGTCAGAATGAATT,AATTCATTCT,-55.69348442864606 | ,55.603484428646055,-55.603484428646055,0.09,-0.09,0,-0.0
PSPPVPVPPRRLTLEELLKMEITDEMIEEFKKEVDLSIEEFKKNFYEVFTKHIAEWLSLKWGQDWEFNQVLLAIKHKNNELLNKLLSKQKDESWKPIITKIYKEEGLMMKWDGVID,TGTCAGAATGAATT,AATTCATTCT,-54.463784753321384 | ,54.36378475332138,-54.36378475332138,0.1,-0.1,0,-0.0
PVPPVPAEMVAVLFEWSPEMRILYVMEALYSKHYKVSRGYLERSWTSMMLLDIARFLVNKTGLDPLFIADQLAIERAIFELAQILSREAHERRERNRASAARAAWAAAAAAAALQT,TGTCAGAATGAATT,AATTCATTCT,-53.89020590448824 | ,53.79020590448824,-53.79020590448824,0.1,-0.1,0,-0.0
PPPPPPPIYIYFDPSKLGLRPLTPEQVAFLQTLLPLSPEEIRAMLSKLTPEEWKKYLEELKKNPKKGIPVPLTFEQILAGVLALFRRLYPDDEEAVAAFEEFLKENKLLGLSLPLP,TGTCAGAATGAATT,AATTCATTCT,-50.261579100736434 | ,50.16157910073643,-50.16157910073643,0.1,-0.1,0,-0.0 | ,50.16157910073643,-50.16157910073643,0.1,-0.1,0,-0.0
PVPPVPAEVVAVLFEWSPEMRILYVMEAMYSKKYKVSREYLERSWTSMMLLDIARFLSEKTGLDPLFIADQLAIERLDEELAQILSRELWERRERNGAEAARAAWAAAAAAAAAQT,TGTCAGAATGAATT,AATTCATTCT,-49.92750291710206 | ,49.82750291710206,-49.82750291710206,0.1,-0.1,0,-0.0
VAAKPPVPHKEVKLEDHFFIEVTQEIIDAFLEYYKISRMWLVQNIWKISREEFSAYMSKLTGKPIKYTLVPPVGLEEEDPSRLLISKEFENEEEAAEALNWLKKKLGWEDYEFELI,TGTCAGAATGAATT,AATTCATTCT,-46.01033636861223 | ,45.91033636861223,-45.91033636861223,0.1,-0.1,0,-0.0
PVPDVPWEEWAVLEEYSSEMPFLHVKEADASKKYMVQFEYLERNQTRELLGDIARILSEKLGKDPLYIARQLAIERKDEELAAIPSQTLRERREREPAEAAGAWIAAAMEWAAAPA,TGTCAGAATGAATT,AATTCATTCT,-44.92936646638801 | ,44.82936646638801,-44.82936646638801,0.1,-0.1,0,-0.0
VVPKPLVPVKEVKLEDYEFIEVTQEIIDKFMEYYKISREWLHEWIHKYAQEEFSAFRSDLTIKPIKYTLWRNVGLEEEDPSTLLISKEFENEEEAREELNWLKKKLGWEDLEFELI,TGTCAGAATGAATT,AATTCATTCT,-43.38815797755883 | ,43.28815797755883,-43.28815797755883,0.1,-0.1,0,-0.0

Iteration 4	,,,overall_score,pLDDT_chainABC,weighted_pLDDT_chainABC,ipTM,weighted_ipTM,ContactScore,weighted_ContactScore
MAPPVPPERLAELAEVESRMPPLDEVIAEYSREYNVSREYLEENWTEETLARIAEFLSRKTGRDPELIALALAREAGDAELVARLEARRAAAAAAAAAAAAAAQAAAALAEAAARL,TGTCAGAATGAATT,AATTCATTCT,-84.96841269219284 | ,84.86841269219285,-84.86841269219285,0.1,-0.1,0,-0.0 | ,84.86841269219285,-84.86841269219285,0.1,-0.1,0,-0.0 | ,84.86841269219285,-84.86841269219285,0.1,-0.1,0,-0.0
PVPAPLTPLEPLQYKDYTFLPVTQEIIDAFLEYFGISLEYLVEHIDEITEEEFSAFMSEYTGVNKKYVLIEPVGLPPDDFSQLLISQKFPNEEEKEEALAYLREHLGTEDLEWRVK,TGTCAGAATGAATT,AATTCATTCT,-80.31617218054934 | ,80.22617218054934,-80.22617218054934,0.09,-0.09,0,-0.0
MVPEEVISPKKLTLEELLARKITPADLEEFKKEVDLSSEEYKKNFKRVFTEKFSEWLAEKTGNDPQLIKIILAIKFKDAELFKELLAKETDKSWLPLLKKYLEEQGLTELWEVAFE,TGTCAGAATGAATT,AATTCATTCT,-76.31922461063841 | ,76.21922461063842,-76.21922461063842,0.1,-0.1,0,-0.0
PVPPVPAEEVALLEEYSSEMPPLDVVEADYSKKYKVSREYLERNWTRELLDDIARFLSEKTGKDPLYIALQLAIERKDEELAAILSRELRERREREAAEAAAAAAAAAAAAAAALA,TGTCAGAATGAATT,AATTCATTCT,-75.95151306476092 | ,75.85151306476092,-75.85151306476092,0.1,-0.1,0,-0.0 | ,75.85151306476092,-75.85151306476092,0.1,-0.1,0,-0.0 | ,75.85151306476092,-75.85151306476092,0.1,-0.1,0,-0.0
PVPEPVISPRKLTLEELLAREITPAELADFKAAVDLSSEEYKENYEEVFTEKFAEWLAKKTGNDPGLIKVILAIKNRNAELLKKLLAKETDKSWLPTLKAYLKSQGLEYLWDVAFE,TGTCAGAATGAATT,AATTCATTCT,-75.05418912959647 | ,74.95418912959647,-74.95418912959647,0.1,-0.1,0,-0.0
PVPVPVISPKKLTLEELLAREITPADLADFRREVDLSSEEYKKNFEEVFTEKFAEWLSKKTGNDPNLIKVILAIKFKNAELLKKLLAKEKDKSWLPYIIEYLKSKGLEYLIEVSFE,TGTCAGAATGAATT,AATTCATTCT,-74.44804099803454 | ,74.35804099803454,-74.35804099803454,0.09,-0.09,0,-0.0
APPPVPVPPKKLTDDELLAMEITEEMLEEFAKEVDLSTPEYKEDPKRVFYTELAKYLSKKTGRDPFELEILLAIKARDLELLRELLEKEKDKSLLPKIKRWFERFGLTEHWDGVLK,TGTCAGAATGAATT,AATTCATTCT,-74.16985322436184 | ,74.04985322436184,-74.04985322436184,0.12,-0.12,0,-0.0
VVPPPLTPLEPLKYEDYTFLPLTQEILDAFLEYFGISLEYFIAHIDEISEEEFSAFMSEYTGVDKEFVLVRPVGLPPDDFSQLLISQKFPDEETKKKVLEYLKKELGKEDLDFEIL,TGTCAGAATGAATT,AATTCATTCT,-73.03047772366521 | ,72.94047772366521,-72.94047772366521,0.09,-0.09,0,-0.0
APPAPPVPPKVWSLEEMLAHEITPEELEEFKKEVDLSTPEYKKNFKRVFYRELAKYLSKKTGLDPFLLEILLALKARDVELLRELLAKEKDKSLLPIIKYWFERLGLTDLWDGVLK,TGTCAGAATGAATT,AATTCATTCT,-72.54620039682541 | ,72.43620039682541,-72.43620039682541,0.11,-0.11,0,-0.0
KKKKPKKKVKKVKLEDFEFIKVTKEIIDEYLKHYNISREWLENNISKISREEFSAFMSELTGKPVKYTLVVRKGNEDEDPDIILITKEFKNEEEEKKALEWLKKELGLEDLEFEII,TGTCAGAATGAATT,AATTCATTCT,-70.4810625559785 | ,70.3810625559785,-70.3810625559785,0.1,-0.1,0,-0.0 | ,70.3810625559785,-70.3810625559785,0.1,-0.1,0,-0.0 | ,70.3810625559785,-70.3810625559785,0.1,-0.1,0,-0.0
MIPPKKIPKKKLTLEELMKMEITDEMLEEFKKEVDLSSEEFQENFEEVFTELFAEWLSKKTGQDPEFIRVLLAIKMENEELLAKLLSKQKDESWKPWIERYLKEKGLESFWDGVIK,TGTCAGAATGAATT,AATTCATTCT,-70.4659732889237 | ,70.36597328892371,-70.36597328892371,0.1,-0.1,0,-0.0 | ,70.36597328892371,-70.36597328892371,0.1,-0.1,0,-0.0 | ,70.36597328892371,-70.36597328892371,0.1,-0.1,0,-0.0
PPPPVPVPPRRLTLEELLKMEITDEMIEEFKKEVDLSSEEFKKNFYEVFTKKLAEWLSRKTGQDPEFLQVLLAIKMKNKELLNKLLSKQKDEKWKPIIEKIYKEEGLMDKWDGVIK,TGTCAGAATGAATT,AATTCATTCT,-70.1816277429467 | ,70.08162774294671,-70.08162774294671,0.1,-0.1,0,-0.0 | ,70.08162774294671,-70.08162774294671,0.1,-0.1,0,-0.0 | ,70.08162774294671,-70.08162774294671,0.1,-0.1,0,-0.0
VVPKPPVPVKEVKLEDYEFIEVTQEIIDAFLEYYKISREWLDENIHKISREEFSAFMSKLTGKPIKYTLVRPVGLEEEDPSTLLISKEFENEEEAREALNWLKKKLGWEDLEFELI,TGTCAGAATGAATT,AATTCATTCT,-65.82228697380206 | ,65.72228697380207,-65.72228697380207,0.1,-0.1,0,-0.0 | ,65.72228697380207,-65.72228697380207,0.1,-0.1,0,-0.0 | ,65.72228697380207,-65.72228697380207,0.1,-0.1,0,-0.0
MVPPVPVSVLLEELKKIKLIPKSLEDLLSSKPGENILSELIRRNPLNWSNEEIAKWISEKTGKDPEKVIEFLGPSGTSMEKYEELVEFFQNEEVANALLYYKLVKDKLLFVNGKHV,TGTCAGAATGAATT,AATTCATTCT,-64.68508595810317 | ,64.58508595810318,-64.58508595810318,0.1,-0.1,0,-0.0 | ,64.58508595810318,-64.58508595810318,0.1,-0.1,0,-0.0 | ,64.58508595810318,-64.58508595810318,0.1,-0.1,0,-0.0
PVVISKKEEVDFKITDFGFPEITDEVIAEAKKFYPTSDEEIREILLNEILEEVIKKIEEETGIKLVSIDDNLPKEELEKYPYILFIKKSSDPSKSDIITFIKVPLKDISNLETLLP,TGTCAGAATGAATT,AATTCATTCT,-62.73756466139224 | ,62.63756466139224,-62.63756466139224,0.1,-0.1,0,-0.0
EVKISKKEKIDFKLTDFGFPEITDEVIDEAAKYYPTSKEKIREILLNEKLKEVIKKLEKETGIKLASLSDNLPKEELEKYPYILFIERSPDPSLSDVITFTKVPLKDISNLETLLP,TGTCAGAATGAATT,AATTCATTCT,-62.31429653057671 | ,62.21429653057671,-62.21429653057671,0.1,-0.1,0,-0.0
MIPPKKIPKKSLTLEENMGMENTMEMLEEFEKEVDLSSEEFQEPKEEVFFELFAEWLSKKTNQDPEFIRVLLAIKHENPELLAKLLSKQKDESWKPWIERYMKEDGLESFWDGVIK,TGTCAGAATGAATT,AATTCATTCT,-61.415373541448965 | ,61.31537354144896,-61.31537354144896,0.1,-0.1,0,-0.0 | ,61.31537354144896,-61.31537354144896,0.1,-0.1,0,-0.0
EVVISKEEKIEFKISDFGFPEITDEVIAEAKKYLPTSDEEIREILLNEILEEIIKKLEKETGIKYVSLSDNYPEEVLRKYPYILFIEKSSDPKKSDVITFTKVPLEDISNLSSLLP,TGTCAGAATGAATT,AATTCATTCT,-61.30272232173957 | ,61.20272232173957,-61.20272232173957,0.1,-0.1,0,-0.0
PVPPVPAEVVALLFEWSPEMPPLDVMEAMYSKKYKVSREYLERNWTSMMLDDIARFLSEKTGKDPLFIADQLAIERKDEELAAILSRELRERRERNAAEAARAAAAAAAAAAAALQ,TGTCAGAATGAATT,AATTCATTCT,-61.15545481290741 | ,61.055454812907406,-61.055454812907406,0.1,-0.1,0,-0.0 | ,61.055454812907406,-61.055454812907406,0.1,-0.1,0,-0.0
KVVIKKVVKIDFKISDFGFPPITDEVIAEAAKYYPTSPEEIRFILLSQILDEIRKELEKQTGVKLTDLTYKLPKEELERFPYVLLTTKSPDPELADIVTYTFVPLEDLEDLDELLP,TGTCAGAATGAATT,AATTCATTCT,-59.22841956199931 | ,59.12841956199931,-59.12841956199931,0.1,-0.1,0,-0.0 | ,59.12841956199931,-59.12841956199931,0.1,-0.1,0,-0.0 | ,59.12841956199931,-59.12841956199931,0.1,-0.1,0,-0.0

Iteration 5	,,,overall_score,pLDDT_chainABC,weighted_pLDDT_chainABC,ipTM,weighted_ipTM,ContactScore,weighted_ContactScore
MAPPVPPERLAELAEVESRMPPLDEVIAEYSREYNVSREYLEENWTEETLARIAEFLSRKTGRDPELIALALAREAGDAELVARLEARRAAAAAAAAAAAAAAQAAAALAEAAARL,TGTCAGAATGAATT,AATTCATTCT,-84.96841269219284 | ,84.86841269219285,-84.86841269219285,0.1,-0.1,0,-0.0 | ,84.86841269219285,-84.86841269219285,0.1,-0.1,0,-0.0 | ,84.86841269219285,-84.86841269219285,0.1,-0.1,0,-0.0 | ,84.86841269219285,-84.86841269219285,0.1,-0.1,0,-0.0
PVPAPLTPLEPLQYKDYTFLPVTQEIIDAFLEYFGISLEYLVEHIDEITEEEFSAFMSEYTGVNKKYVLIEPVGLPPDDFSQLLISQKFPNEEEKEEALAYLREHLGTEDLEWRVK,TGTCAGAATGAATT,AATTCATTCT,-80.31617218054934 | ,80.22617218054934,-80.22617218054934,0.09,-0.09,0,-0.0 | ,80.22617218054934,-80.22617218054934,0.09,-0.09,0,-0.0
MVPEEVISPKKLTLEELLARKITPADLEEFKKEVDLSSEEYKKNFKRVFTEKFSEWLAEKTGNDPQLIKIILAIKFKDAELFKELLAKETDKSWLPLLKKYLEEQGLTELWEVAFE,TGTCAGAATGAATT,AATTCATTCT,-76.31922461063841 | ,76.21922461063842,-76.21922461063842,0.1,-0.1,0,-0.0 | ,76.21922461063842,-76.21922461063842,0.1,-0.1,0,-0.0
PVPPVPAEEVALLEEYSSEMPPLDVVEADYSKKYKVSREYLERNWTRELLDDIARFLSEKTGKDPLYIALQLAIERKDEELAAILSRELRERREREAAEAAAAAAAAAAAAAAALA,TGTCAGAATGAATT,AATTCATTCT,-75.95151306476092 | ,75.85151306476092,-75.85151306476092,0.1,-0.1,0,-0.0 | ,75.85151306476092,-75.85151306476092,0.1,-0.1,0,-0.0 | ,75.85151306476092,-75.85151306476092,0.1,-0.1,0,-0.0 | ,75.85151306476092,-75.85151306476092,0.1,-0.1,0,-0.0
PVPEPVISPRKLTLEELLAREITPAELADFKAAVDLSSEEYKENYEEVFTEKFAEWLAKKTGNDPGLIKVILAIKNRNAELLKKLLAKETDKSWLPTLKAYLKSQGLEYLWDVAFE,TGTCAGAATGAATT,AATTCATTCT,-75.05418912959647 | ,74.95418912959647,-74.95418912959647,0.1,-0.1,0,-0.0 | ,74.95418912959647,-74.95418912959647,0.1,-0.1,0,-0.0
PVPVPVISPKKLTLEELLAREITPADLADFRREVDLSSEEYKKNFEEVFTEKFAEWLSKKTGNDPNLIKVILAIKFKNAELLKKLLAKEKDKSWLPYIIEYLKSKGLEYLIEVSFE,TGTCAGAATGAATT,AATTCATTCT,-74.44804099803454 | ,74.35804099803454,-74.35804099803454,0.09,-0.09,0,-0.0 | ,74.35804099803454,-74.35804099803454,0.09,-0.09,0,-0.0
APPPVPVPPKKLTDDELLAMEITEEMLEEFAKEVDLSTPEYKEDPKRVFYTELAKYLSKKTGRDPFELEILLAIKARDLELLRELLEKEKDKSLLPKIKRWFERFGLTEHWDGVLK,TGTCAGAATGAATT,AATTCATTCT,-74.16985322436184 | ,74.04985322436184,-74.04985322436184,0.12,-0.12,0,-0.0 | ,74.04985322436184,-74.04985322436184,0.12,-0.12,0,-0.0
VVPPPLTPLEPLKYEDYTFLPLTQEILDAFLEYFGISLEYFIAHIDEISEEEFSAFMSEYTGVDKEFVLVRPVGLPPDDFSQLLISQKFPDEETKKKVLEYLKKELGKEDLDFEIL,TGTCAGAATGAATT,AATTCATTCT,-73.03047772366521 | ,72.94047772366521,-72.94047772366521,0.09,-0.09,0,-0.0 | ,72.94047772366521,-72.94047772366521,0.09,-0.09,0,-0.0
APPAPPVPPKVWSLEEMLAHEITPEELEEFKKEVDLSTPEYKKNFKRVFYRELAKYLSKKTGLDPFLLEILLALKARDVELLRELLAKEKDKSLLPIIKYWFERLGLTDLWDGVLK,TGTCAGAATGAATT,AATTCATTCT,-72.54620039682541 | ,72.43620039682541,-72.43620039682541,0.11,-0.11,0,-0.0 | ,72.43620039682541,-72.43620039682541,0.11,-0.11,0,-0.0
KKKKPKKKVKKVKLEDFEFIKVTKEIIDEYLKHYNISREWLENNISKISREEFSAFMSELTGKPVKYTLVVRKGNEDEDPDIILITKEFKNEEEEKKALEWLKKELGLEDLEFEII,TGTCAGAATGAATT,AATTCATTCT,-70.4810625559785 | ,70.3810625559785,-70.3810625559785,0.1,-0.1,0,-0.0 | ,70.3810625559785,-70.3810625559785,0.1,-0.1,0,-0.0 | ,70.3810625559785,-70.3810625559785,0.1,-0.1,0,-0.0 | ,70.3810625559785,-70.3810625559785,0.1,-0.1,0,-0.0
PPPPVPVPPKMLTDKELLAMEITEEMFEEFYKEVDDSKPEYKEDPHRVFYTELAKYQSKKTGRGPFGLEILLAIKARWLELLRELLEKEKDKSLLPKIKKWFERFGLTEHWDEVLK,TGTCAGAATGAATT,AATTCATTCT,-66.41810388677413 | ,66.31810388677414,-66.31810388677414,0.1,-0.1,0,-0.0
APPPVPVPPYKLTDGELLAMGINEEMLEEGAKEVDLSTPEYSEDGKRVFYTELAKYLSKKTGRDYFMLEILLAIKARDLELLRELLEKEQDKSLLPKIKRWFERFGLASDWGGVLK,TGTCAGAATGAATT,AATTCATTCT,-63.81807170846395 | ,63.70807170846395,-63.70807170846395,0.11,-0.11,0,-0.0
APPAPPVYPKVWSLEEMLAHESFHEELEEFKKEVDLSTPEYGKNFKRPFYRELAKYLSKKVGHDPFLLEILLALKARNVEMLRELLAKIKDKSLFPIIKFWFERLRLTDLWDGVLK,TGTCAGAATGAATT,AATTCATTCT,-62.8929115757327 | ,62.7829115757327,-62.7829115757327,0.11,-0.11,0,-0.0
APPAPPVPPKVWSLEEMLAHVIRPEELEEFHKEVDLSTPRRKKNFYRRFYRELAKYTSKKTGLEPFLLEILLALKARDVELLRFYLAKEKDKSLKHIIKYWFERLGLTDLWPGVLK,TGTCAGAATGAATT,AATTCATTCT,-56.37993110912076 | ,56.26993110912076,-56.26993110912076,0.11,-0.11,0,-0.0
PVDVPVISPKKLTLEELQVREITMADLADFAREVDLSSEEYKLNFEEVFTEKFAMWLDKKMGNDPNLIKVILAIKFKNAELLKKLLAKEKDKSLYPYWIEPLKSKGLEWLIEVSFE,TGTCAGAATGAATT,AATTCATTCT,-56.31995077312534 | ,56.21995077312534,-56.21995077312534,0.1,-0.1,0,-0.0
MVSEEVISPKKATLEELMARKITPADFEEFKPEVFLSSEEYKKNFKDVFTEKDGEWLAEKTTNDPQLIKIILAIKFKDAELFKELLAKMTDKSWLPLLKKYLMEQQLTELWEVAWE,TGTCAGAATGAATT,AATTCATTCT,-52.725580021271846 | ,52.625580021271844,-52.625580021271844,0.1,-0.1,0,-0.0
KKKKPSKKVLKVKLEDFDFIKVTKENIDEYLKHYNISREWLEMNRSMISREETSAPMSELTGKPVKYTLVVRKGNEREDPDIIMITKEFKNEEEEKKMLEWLKKELGLEDNEFEFI,TGTCAGAATGAATT,AATTCATTCT,-48.59185552881027 | ,48.49185552881027,-48.49185552881027,0.1,-0.1,0,-0.0
KKKKPKKKWKKVKLQDFEFIKVTKEIIDEYTGGYNISTEALENNISKISREEFSQDMSELTGGPVKYELVVRKGNEDEDPDIIQITKEFKNEEEEKKALEWLKKELDLEDLEFEHI,TGTCAGAATGAATT,AATTCATTCT,-44.44553012887496 | ,44.345530128874955,-44.345530128874955,0.1,-0.1,0,-0.0
ASPAPPVYQKVWSLEEWPAHESFHEELEEAKFEVDLSTPEYAKNFTRPFYRELAKYLSWKVGHDKFMLEILLALKARFVEMLREPLAKIKDKLLFPIIKFWFERLRLTDLWDGVLK,TGTCAGAATGAATT,AATTCATTCT,-41.49509312335174 | ,41.395093123351735,-41.395093123351735,0.1,-0.1,0,-0.0
PVPDPLTPLEPLQYQDYTFLPVTPEIIDATLEYRGISLEYLVEHIDEQTDEEFSAFMSLKTGVNKFEVLIEPVGLPPDDFVQLLQSQFFPNEEEKEEALAYLREHLGTEDLEWRVK,TGTCAGAATGAATT,AATTCATTCT,-39.38719492959149 | ,39.287194929591486,-39.287194929591486,0.1,-0.1,0,-0.0

Iteration 6	,,,overall_score,pLDDT_chainABC,weighted_pLDDT_chainABC,ipTM,weighted_ipTM,ContactScore,weighted_ContactScore
MAPPVPPERLAELAEVESRMPPLDEVIAEYSREYNVSREYLEENWTEETLARIAEFLSRKTGRDPELIALALAREAGDAELVARLEARRAAAAAAAAAAAAAAQAAAALAEAAARL,TGTCAGAATGAATT,AATTCATTCT,-84.96841269219284 | ,84.86841269219285,-84.86841269219285,0.1,-0.1,0,-0.0 | ,84.86841269219285,-84.86841269219285,0.1,-0.1,0,-0.0 | ,84.86841269219285,-84.86841269219285,0.1,-0.1,0,-0.0 | ,84.86841269219285,-84.86841269219285,0.1,-0.1,0,-0.0 | ,84.86841269219285,-84.86841269219285,0.1,-0.1,0,-0.0
PRPTPRAPAEPLTYRDYTFLPVTDEIIDALLEYFGISREWLIENWRKLTQEEFSAFMSEYTGVDRDYVLIAPRGLPKDDFSRLLIAPAFPNEEEREAALAWLRETLGTEDTEWVVY,TGTCAGAATGAATT,AATTCATTCT,-83.41574126017663 | ,83.32574126017663,-83.32574126017663,0.09,-0.09,0,-0.0
ALPPMPAAEVERLAEVRATLPPLSEILADFSREYNISLSYIYKNWTRELLRKIAEYISAKTGLDPYLIELALAEQAGDRELVAELRAERAAARAAAAAAAEAAAAAAAAAAAAAAL,TGTCAGAATGAATT,AATTCATTCT,-82.57534424603173 | ,82.47534424603174,-82.47534424603174,0.1,-0.1,0,-0.0
ALPPTPAEELEKLAEVEANLPPVAEILAAYSAEFGISLSTLYENWTLETLDRIAQWVAAKTGWDPGLIKLALARQAGDREMVAELEAARAAARAAAAAAAAAAAAAAAAAAAAAAL,TGTCAGAATGAATT,AATTCATTCT,-80.50629094516593 | ,80.40629094516594,-80.40629094516594,0.1,-0.1,0,-0.0
PVPAPLTPLEPLQYKDYTFLPVTQEIIDAFLEYFGISLEYLVEHIDEITEEEFSAFMSEYTGVNKKYVLIEPVGLPPDDFSQLLISQKFPNEEEKEEALAYLREHLGTEDLEWRVK,TGTCAGAATGAATT,AATTCATTCT,-80.31617218054934 | ,80.22617218054934,-80.22617218054934,0.09,-0.09,0,-0.0 | ,80.22617218054934,-80.22617218054934,0.09,-0.09,0,-0.0 | ,80.22617218054934,-80.22617218054934,0.09,-0.09,0,-0.0
MKPKPEKKPKVPTLEELLAREITPEDLAEFNAEVDTSSEEYKKNYKEVFTELFSEWYSKKTGADPELIRIILAIKFKDAELLKKLLEERKDLSFLPELIAWLKSQGLEFLIDKALK,TGTCAGAATGAATT,AATTCATTCT,-77.62471924603176 | ,77.52471924603176,-77.52471924603176,0.1,-0.1,0,-0.0
MVPEEVISPKKLTLEELLARKITPADLEEFKKEVDLSSEEYKKNFKRVFTEKFSEWLAEKTGNDPQLIKIILAIKFKDAELFKELLAKETDKSWLPLLKKYLEEQGLTELWEVAFE,TGTCAGAATGAATT,AATTCATTCT,-76.31922461063841 | ,76.21922461063842,-76.21922461063842,0.1,-0.1,0,-0.0 | ,76.21922461063842,-76.21922461063842,0.1,-0.1,0,-0.0 | ,76.21922461063842,-76.21922461063842,0.1,-0.1,0,-0.0
APPAPVPPPKKLTDEELIAHEITQEELEEFNKKVDFSTEEYKKDPKLFYLRELAKYLSEKTNRDPFYIEILLAIKEKDMETLKRLLKEEKDKSILPKIKKWLERYGLEDKWEEILS,TGTCAGAATGAATT,AATTCATTCT,-76.26179390891677 | ,76.14179390891677,-76.14179390891677,0.12,-0.12,0,-0.0
PVPPVPAEEVALLEEYSSEMPPLDVVEADYSKKYKVSREYLERNWTRELLDDIARFLSEKTGKDPLYIALQLAIERKDEELAAILSRELRERREREAAEAAAAAAAAAAAAAAALA,TGTCAGAATGAATT,AATTCATTCT,-75.95151306476092 | ,75.85151306476092,-75.85151306476092,0.1,-0.1,0,-0.0 | ,75.85151306476092,-75.85151306476092,0.1,-0.1,0,-0.0 | ,75.85151306476092,-75.85151306476092,0.1,-0.1,0,-0.0 | ,75.85151306476092,-75.85151306476092,0.1,-0.1,0,-0.0 | ,75.85151306476092,-75.85151306476092,0.1,-0.1,0,-0.0
MKKKKKVKPKVPTLQELLDREITPEDLEEFNKEVDTSSPEFKKNYKEVFTEKFSEWFSKKTGADPELIKIILAIKFEDAELLKKLLEKRKDLSWLPELIAYLKSQGLEHLITEALS,TGTCAGAATGAATT,AATTCATTCT,-75.31955573282079 | ,75.2195557328208,-75.2195557328208,0.1,-0.1,0,-0.0
KVKPPKKPKRPVTMDDFLFIQLTPELVDRFLARFNISREWLEANRDKLSPEEVAAFFSEYTGKPVQYVLEIDDGDPNRPPLLILITRKFANEEELKAAIEWLKKELGWEDKTITFI,TGTCAGAATGAATT,AATTCATTCT,-75.20816768049959 | ,75.09816768049959,-75.09816768049959,0.11,-0.11,0,-0.0
PVPEPVISPRKLTLEELLAREITPAELADFKAAVDLSSEEYKENYEEVFTEKFAEWLAKKTGNDPGLIKVILAIKNRNAELLKKLLAKETDKSWLPTLKAYLKSQGLEYLWDVAFE,TGTCAGAATGAATT,AATTCATTCT,-75.05418912959647 | ,74.95418912959647,-74.95418912959647,0.1,-0.1,0,-0.0 | ,74.95418912959647,-74.95418912959647,0.1,-0.1,0,-0.0 | ,74.95418912959647,-74.95418912959647,0.1,-0.1,0,-0.0
PVPVPVISPKKLTLEELLAREITPADLADFRREVDLSSEEYKKNFEEVFTEKFAEWLSKKTGNDPNLIKVILAIKFKNAELLKKLLAKEKDKSWLPYIIEYLKSKGLEYLIEVSFE,TGTCAGAATGAATT,AATTCATTCT,-74.44804099803454 | ,74.35804099803454,-74.35804099803454,0.09,-0.09,0,-0.0 | ,74.35804099803454,-74.35804099803454,0.09,-0.09,0,-0.0 | ,74.35804099803454,-74.35804099803454,0.09,-0.09,0,-0.0
APPPVPVPPKKLTDDELLAMEITEEMLEEFAKEVDLSTPEYKEDPKRVFYTELAKYLSKKTGRDPFELEILLAIKARDLELLRELLEKEKDKSLLPKIKRWFERFGLTEHWDGVLK,TGTCAGAATGAATT,AATTCATTCT,-74.16985322436184 | ,74.04985322436184,-74.04985322436184,0.12,-0.12,0,-0.0 | ,74.04985322436184,-74.04985322436184,0.12,-0.12,0,-0.0 | ,74.04985322436184,-74.04985322436184,0.12,-0.12,0,-0.0
VVPPPLTPLEPLKYEDYTFLPLTQEILDAFLEYFGISLEYFIAHIDEISEEEFSAFMSEYTGVDKEFVLVRPVGLPPDDFSQLLISQKFPDEETKKKVLEYLKKELGKEDLDFEIL,TGTCAGAATGAATT,AATTCATTCT,-73.03047772366521 | ,72.94047772366521,-72.94047772366521,0.09,-0.09,0,-0.0 | ,72.94047772366521,-72.94047772366521,0.09,-0.09,0,-0.0 | ,72.94047772366521,-72.94047772366521,0.09,-0.09,0,-0.0
APPAPPVPPKVWSLEEMLAHEITPEELEEFKKEVDLSTPEYKKNFKRVFYRELAKYLSKKTGLDPFLLEILLALKARDVELLRELLAKEKDKSLLPIIKYWFERLGLTDLWDGVLK,TGTCAGAATGAATT,AATTCATTCT,-72.54620039682541 | ,72.43620039682541,-72.43620039682541,0.11,-0.11,0,-0.0 | ,72.43620039682541,-72.43620039682541,0.11,-0.11,0,-0.0 | ,72.43620039682541,-72.43620039682541,0.11,-0.11,0,-0.0
KKKKPKKKVKKVKLEDFEFIKVTKEIIDEYLKHYNISREWLENNISKISREEFSAFMSELTGKPVKYTLVVRKGNEDEDPDIILITKEFKNEEEEKKALEWLKKELGLEDLEFEII,TGTCAGAATGAATT,AATTCATTCT,-70.4810625559785 | ,70.3810625559785,-70.3810625559785,0.1,-0.1,0,-0.0 | ,70.3810625559785,-70.3810625559785,0.1,-0.1,0,-0.0 | ,70.3810625559785,-70.3810625559785,0.1,-0.1,0,-0.0 | ,70.3810625559785,-70.3810625559785,0.1,-0.1,0,-0.0 | ,70.3810625559785,-70.3810625559785,0.1,-0.1,0,-0.0
VPKPPKPPKRPVTREDFLEIQLTEELVNDFLERFKITREWLIANKDKLSPEEVAAFFSEYTGKPIKRVLEIDDGDPNRPPLLILVTREFANEEEWEAAINWLKEELGWEDKTITEI,TGTCAGAATGAATT,AATTCATTCT,-70.24945457966362 | ,70.14945457966363,-70.14945457966363,0.1,-0.1,0,-0.0
MLPPPPVKPKKMTLAELLAREITPEELAAFRAAVDLSSEEYKKNYERVYTEKFAEWKAKQTGNDPERIRIVLAIKMKNAELLKELLAKAKDKSWLPELKAWLRSQGLEYLWDEAFK,TGTCAGAATGAATT,AATTCATTCT,-70.0970382146589 | ,69.9970382146589,-69.9970382146589,0.1,-0.1,0,-0.0
VVKPPVKKKKPVTPDDFLEIQLTQELVDEFLARFGISREWLLAHYDELSPEEVAAFFSERTGKPIQRVLEIRDGDPNRPPLLVLITRKFENEEEWKKAIEWYKKEKGLEDKEIIEI,TGTCAGAATGAATT,AATTCATTCT,-69.85928953015375 | ,69.75928953015375,-69.75928953015375,0.1,-0.1,0,-0.0

Iteration 7	,,,overall_score,pLDDT_chainABC,weighted_pLDDT_chainABC,ipTM,weighted_ipTM,ContactScore,weighted_ContactScore
MAPPVPPERLAELAEVESRMPPLDEVIAEYSREYNVSREYLEENWTEETLARIAEFLSRKTGRDPELIALALAREAGDAELVARLEARRAAAAAAAAAAAAAAQAAAALAEAAARL,TGTCAGAATGAATT,AATTCATTCT,-84.96841269219284 | ,84.86841269219285,-84.86841269219285,0.1,-0.1,0,-0.0 | ,84.86841269219285,-84.86841269219285,0.1,-0.1,0,-0.0 | ,84.86841269219285,-84.86841269219285,0.1,-0.1,0,-0.0 | ,84.86841269219285,-84.86841269219285,0.1,-0.1,0,-0.0 | ,84.86841269219285,-84.86841269219285,0.1,-0.1,0,-0.0
PRPTPRAPAEPLTYRDYTFLPVTDEIIDALLEYFGISREWLIENWRKLTQEEFSAFMSEYTGVDRDYVLIAPRGLPKDDFSRLLIAPAFPNEEEREAALAWLRETLGTEDTEWVVY,TGTCAGAATGAATT,AATTCATTCT,-83.41574126017663 | ,83.32574126017663,-83.32574126017663,0.09,-0.09,0,-0.0 | ,83.32574126017663,-83.32574126017663,0.09,-0.09,0,-0.0
ALPPMPAAEVERLAEVRATLPPLSEILADFSREYNISLSYIYKNWTRELLRKIAEYISAKTGLDPYLIELALAEQAGDRELVAELRAERAAARAAAAAAAEAAAAAAAAAAAAAAL,TGTCAGAATGAATT,AATTCATTCT,-82.57534424603173 | ,82.47534424603174,-82.47534424603174,0.1,-0.1,0,-0.0 | ,82.47534424603174,-82.47534424603174,0.1,-0.1,0,-0.0
ALPPTPAEELEKLAEVEANLPPVAEILAAYSAEFGISLSTLYENWTLETLDRIAQWVAAKTGWDPGLIKLALARQAGDREMVAELEAARAAARAAAAAAAAAAAAAAAAAAAAAAL,TGTCAGAATGAATT,AATTCATTCT,-80.50629094516593 | ,80.40629094516594,-80.40629094516594,0.1,-0.1,0,-0.0 | ,80.40629094516594,-80.40629094516594,0.1,-0.1,0,-0.0
PVPAPLTPLEPLQYKDYTFLPVTQEIIDAFLEYFGISLEYLVEHIDEITEEEFSAFMSEYTGVNKKYVLIEPVGLPPDDFSQLLISQKFPNEEEKEEALAYLREHLGTEDLEWRVK,TGTCAGAATGAATT,AATTCATTCT,-80.31617218054934 | ,80.22617218054934,-80.22617218054934,0.09,-0.09,0,-0.0 | ,80.22617218054934,-80.22617218054934,0.09,-0.09,0,-0.0 | ,80.22617218054934,-80.22617218054934,0.09,-0.09,0,-0.0 | ,80.22617218054934,-80.22617218054934,0.09,-0.09,0,-0.0
MKPKPEKKPKVPTLEELLAREITPEDLAEFNAEVDTSSEEYKKNYKEVFTELFSEWYSKKTGADPELIRIILAIKFKDAELLKKLLEERKDLSFLPELIAWLKSQGLEFLIDKALK,TGTCAGAATGAATT,AATTCATTCT,-77.62471924603176 | ,77.52471924603176,-77.52471924603176,0.1,-0.1,0,-0.0 | ,77.52471924603176,-77.52471924603176,0.1,-0.1,0,-0.0
MVPEEVISPKKLTLEELLARKITPADLEEFKKEVDLSSEEYKKNFKRVFTEKFSEWLAEKTGNDPQLIKIILAIKFKDAELFKELLAKETDKSWLPLLKKYLEEQGLTELWEVAFE,TGTCAGAATGAATT,AATTCATTCT,-76.31922461063841 | ,76.21922461063842,-76.21922461063842,0.1,-0.1,0,-0.0 | ,76.21922461063842,-76.21922461063842,0.1,-0.1,0,-0.0 | ,76.21922461063842,-76.21922461063842,0.1,-0.1,0,-0.0 | ,76.21922461063842,-76.21922461063842,0.1,-0.1,0,-0.0
APPAPVPPPKKLTDEELIAHEITQEELEEFNKKVDFSTEEYKKDPKLFYLRELAKYLSEKTNRDPFYIEILLAIKEKDMETLKRLLKEEKDKSILPKIKKWLERYGLEDKWEEILS,TGTCAGAATGAATT,AATTCATTCT,-76.26179390891677 | ,76.14179390891677,-76.14179390891677,0.12,-0.12,0,-0.0 | ,76.14179390891677,-76.14179390891677,0.12,-0.12,0,-0.0
PVPPVPAEEVALLEEYSSEMPPLDVVEADYSKKYKVSREYLERNWTRELLDDIARFLSEKTGKDPLYIALQLAIERKDEELAAILSRELRERREREAAEAAAAAAAAAAAAAAALA,TGTCAGAATGAATT,AATTCATTCT,-75.95151306476092 | ,75.85151306476092,-75.85151306476092,0.1,-0.1,0,-0.0 | ,75.85151306476092,-75.85151306476092,0.1,-0.1,0,-0.0 | ,75.85151306476092,-75.85151306476092,0.1,-0.1,0,-0.0 | ,75.85151306476092,-75.85151306476092,0.1,-0.1,0,-0.0 | ,75.85151306476092,-75.85151306476092,0.1,-0.1,0,-0.0
MKKKKKVKPKVPTLQELLDREITPEDLEEFNKEVDTSSPEFKKNYKEVFTEKFSEWFSKKTGADPELIKIILAIKFEDAELLKKLLEKRKDLSWLPELIAYLKSQGLEHLITEALS,TGTCAGAATGAATT,AATTCATTCT,-75.31955573282079 | ,75.2195557328208,-75.2195557328208,0.1,-0.1,0,-0.0 | ,75.2195557328208,-75.2195557328208,0.1,-0.1,0,-0.0
AFPPMPAAEVERLAEVRATLPPLSGILADFSREYNISLSYIYKNWTMELLRKIALYISAKTGLQPTLIELHLAEQAGDRELVAELIAEFAQARAAIAAAAEAHAAKAAAAAAAAAH,TGTCAGAATGAATT,AATTCATTCT,-74.15710091058367 | ,74.05710091058367,-74.05710091058367,0.1,-0.1,0,-0.0
MAPPVPPERLAEFAEVESRMPPLDEVIADYSREYNVSREWLEENGTEETLFRIAEFLSRKTGRDPELIALALAREAGDKELVALLEAIRASAAAAAAWAAAAAVAAAAINEQAARL,TGTCAGAATGAATT,AATTCATTCT,-68.94435942864607 | ,68.84435942864607,-68.84435942864607,0.1,-0.1,0,-0.0
PVPPVPAEEAALLEEYSSEMPPDFVVFAPYSKKYKVSREYLERPWTRELLDDIARFLSEKTGKDPLYIALQLAIVRKDNELAAILSRELRERMEREAAIAAAQYAQAYAAAAAALA,TGTCAGAATGAATT,AATTCATTCT,-64.09355436134746 | ,63.993554361347464,-63.993554361347464,0.1,-0.1,0,-0.0
MKPKPEKKPAVPTLEELLAREITDEDLAEFNAEVDALSEPYKKNYKEVFTELFLEWYSKKIGGDPELIRIISAIKFKDAELLKKLLEERKDQSFLPELIAWLKSSGLLILIDKALT,TGTCAGAATGAATT,AATTCATTCT,-63.974286320719514 | ,63.87428632071951,-63.87428632071951,0.1,-0.1,0,-0.0
PVPPQKAENVALLEEYSSEMPPLDVVEADYSKRYKVSREVLERNSTRELLDDIARFLSEKTGMDPLYIAQQLAIERKDEELHWILQRKLRERRERHAAEHAAAAAAAAAAAAAALA,TGTCAGAATGAATT,AATTCATTCT,-61.15597669428272 | ,61.05597669428272,-61.05597669428272,0.1,-0.1,0,-0.0
AFPPMPAAEVERDSEVGATLPPWSGILASFSREYNISLSYIPGDWTMELLRKIALYILAKTGLQPTLIEFHLAERAGDRELAAELIAEFAQARAAIAAAAETHAAKAAADAAAAAH,TGTCAGAATGAATT,AATTCATTCT,-59.710848024580784 | ,59.61084802458078,-59.61084802458078,0.1,-0.1,0,-0.0
PVPPVPAEEVAWLEEYQWEMPPLDVVEADYPTKYKVSREYLERNWVRKLLPDNARFLSEKTGKRPLYIALQLAIRRKDEELAAKLSRELRERRERERAEAHAAAAAAAAAAAAALA,TGTCAGAATGAATT,AATTCATTCT,-55.41643459844752 | ,55.31643459844752,-55.31643459844752,0.1,-0.1,0,-0.0
MSKKPNVKPKVPTLQELLDREITPEDLEFFNEEVDTESFEFKKNYKEVFTDKFSEWWHKKTGADRELIKIILAIKDEDAEKWMVLLEKRKALSELPELIAYLKSYILPHLIWEFLT,TGTCAGAATGAATT,AATTCATTCT,-53.73556967768821 | ,53.63556967768821,-53.63556967768821,0.1,-0.1,0,-0.0
PRPTPRAPAEPLKYRDITFLPETDEIIDFLLEEVGISRELLIENWADLHQEEFSAFNSEYQGVDRDYVLIAPRSLPKDDFSRLLIAPAFPNEEEREAWLAWLRETLGTEDTEWVVY,TGTCAGAATGAATT,AATTCATTCT,-53.11853517531319 | ,53.01853517531319,-53.01853517531319,0.1,-0.1,0,-0.0
MKKKVNVKPKVPTLQELLDREITPEDLEFFNKEVDTSSFEFKKNYKEVFTDKFSEWFHKKTFADRELIKIILAIKFEDAEKWKKLLEKRKDLSWLPELIAYLKSYYLEHLIWEFLS,TGTCAGAATGAATT,AATTCATTCT,-44.11068693088521 | ,44.01068693088521,-44.01068693088521,0.1,-0.1,0,-0.0

Iteration 8	,,,overall_score,pLDDT_chainABC,weighted_pLDDT_chainABC,ipTM,weighted_ipTM,ContactScore,weighted_ContactScore
MAPPVPPERLAELAEVESRMPPLDEVIAEYSREYNVSREYLEENWTEETLARIAEFLSRKTGRDPELIALALAREAGDAELVARLEARRAAAAAAAAAAAAAAQAAAALAEAAARL,TGTCAGAATGAATT,AATTCATTCT,-84.96841269219284 | ,84.86841269219285,-84.86841269219285,0.1,-0.1,0,-0.0 | ,84.86841269219285,-84.86841269219285,0.1,-0.1,0,-0.0 | ,84.86841269219285,-84.86841269219285,0.1,-0.1,0,-0.0 | ,84.86841269219285,-84.86841269219285,0.1,-0.1,0,-0.0 | ,84.86841269219285,-84.86841269219285,0.1,-0.1,0,-0.0
PRPRPRAPAEPLTFGRYTFLPVTQEIIDALLEYFGISREWLIAHWRELSREEFSAFMSEYTGVDQDYVLIAPRGTPADDFSRWLIAPAFPNEEEREAALAWLRERLGAEDVEFVVY,TGTCAGAATGAATT,AATTCATTCT,-83.79553869908828 | ,83.69553869908829,-83.69553869908829,0.1,-0.1,0,-0.0
PRPRPRAPAEPLTFGDVTFLPVTEEIIDALLKYFGISREWLIRNWRQISREEFSAFMSEYTGVDQDYVLIVPEGTPDDDFSRWLIAPAFPNEAEREAALAWLRERLGAEDTRFVVL,TGTCAGAATGAATT,AATTCATTCT,-83.45169448176344 | ,83.35169448176345,-83.35169448176345,0.1,-0.1,0,-0.0
PRPTPRAPAEPLTYRDYTFLPVTDEIIDALLEYFGISREWLIENWRKLTQEEFSAFMSEYTGVDRDYVLIAPRGLPKDDFSRLLIAPAFPNEEEREAALAWLRETLGTEDTEWVVY,TGTCAGAATGAATT,AATTCATTCT,-83.41574126017663 | ,83.32574126017663,-83.32574126017663,0.09,-0.09,0,-0.0 | ,83.32574126017663,-83.32574126017663,0.09,-0.09,0,-0.0 | ,83.32574126017663,-83.32574126017663,0.09,-0.09,0,-0.0
AAPPSPEELAARLAEVEATLPPVEEILKEYSAEFGISLEELKKNWTEELLTKIAEWIASKTGWDPELIKLALARQAGDKELVEKLEAERAAAREAAAAAAAAAAAAAAAAAAAAAL,TGTCAGAATGAATT,AATTCATTCT,-82.65628839192416 | ,82.55628839192417,-82.55628839192417,0.1,-0.1,0,-0.0
ALPPMPAAEVERLAEVRATLPPLSEILADFSREYNISLSYIYKNWTRELLRKIAEYISAKTGLDPYLIELALAEQAGDRELVAELRAERAAARAAAAAAAEAAAAAAAAAAAAAAL,TGTCAGAATGAATT,AATTCATTCT,-82.57534424603173 | ,82.47534424603174,-82.47534424603174,0.1,-0.1,0,-0.0 | ,82.47534424603174,-82.47534424603174,0.1,-0.1,0,-0.0 | ,82.47534424603174,-82.47534424603174,0.1,-0.1,0,-0.0
PLPPMPAEEVEALERVRAALPPLSEILEEFSKEYNIPLSYIYKNLTRELLEKIAKWISSKTGMDPYLIELALAEQLGDEELVAELRRRRAEAREAAAAAAAAAAAAAAAAAAAAAL,TGTCAGAATGAATT,AATTCATTCT,-82.18548941695276 | ,82.08548941695277,-82.08548941695277,0.1,-0.1,0,-0.0
PRPRPVAPATPLTYKDYTFYPVTQEIIDALLAYFGISLEWLIEHWDELTPEQFSAFMSEYTGVDKDYVFIRPRGLPRDDFSRWLIAPAFPNEEEREEALAWLRETLGAEDTEWEVL,TGTCAGAATGAATT,AATTCATTCT,-82.13066238120115 | ,82.04066238120114,-82.04066238120114,0.09,-0.09,0,-0.0
APPPSPEELAAALARVEATLPPVEEILREYSAEHGISLSELRENWTLELLDEIARWIASKTGWDPELIKLALARQAGDEEMVAQLRAAAAAARAAAAAAAAAAAAAAAAAAAAAAL,TGTCAGAATGAATT,AATTCATTCT,-81.14314091966462 | ,81.04314091966462,-81.04314091966462,0.1,-0.1,0,-0.0
ALPPTPAEELEKLAEVEANLPPVAEILAAYSAEFGISLSTLYENWTLETLDRIAQWVAAKTGWDPGLIKLALARQAGDREMVAELEAARAAARAAAAAAAAAAAAAAAAAAAAAAL,TGTCAGAATGAATT,AATTCATTCT,-80.50629094516593 | ,80.40629094516594,-80.40629094516594,0.1,-0.1,0,-0.0 | ,80.40629094516594,-80.40629094516594,0.1,-0.1,0,-0.0 | ,80.40629094516594,-80.40629094516594,0.1,-0.1,0,-0.0
ALPPMPAAEVEALARVRAALPPIEEILAAFSKEFGIPLSYIYANLTEELLRKIAEWISSRTGMDPRLIHLALAEQLGLQDLVARLRREAAAARAAAAAAAAAAAAAAAAAAAAAAL,TGTCAGAATGAATT,AATTCATTCT,-80.39331760959348 | ,80.29331760959349,-80.29331760959349,0.1,-0.1,0,-0.0
PVPAPLTPLEPLQYKDYTFLPVTQEIIDAFLEYFGISLEYLVEHIDEITEEEFSAFMSEYTGVNKKYVLIEPVGLPPDDFSQLLISQKFPNEEEKEEALAYLREHLGTEDLEWRVK,TGTCAGAATGAATT,AATTCATTCT,-80.31617218054934 | ,80.22617218054934,-80.22617218054934,0.09,-0.09,0,-0.0 | ,80.22617218054934,-80.22617218054934,0.09,-0.09,0,-0.0 | ,80.22617218054934,-80.22617218054934,0.09,-0.09,0,-0.0 | ,80.22617218054934,-80.22617218054934,0.09,-0.09,0,-0.0 | ,80.22617218054934,-80.22617218054934,0.09,-0.09,0,-0.0
PRPRPVAPAEPLTYRDYTFYPVTQEIVDALLEYFGISLEWLIAHQDEITEEEFSAFMSEYTGVNRRYVLIRPEGLPRDDFSRWLIAPAFPNQAERDAALAWLRETLGTEDLRWVVL,TGTCAGAATGAATT,AATTCATTCT,-79.89427853037768 | ,79.80427853037767,-79.80427853037767,0.09,-0.09,0,-0.0
MKPKPEKKPKVPTLEELLAREITPEDLAEFNAEVDTSSEEYKKNYKEVFTELFSEWYSKKTGADPELIRIILAIKFKDAELLKKLLEERKDLSFLPELIAWLKSQGLEFLIDKALK,TGTCAGAATGAATT,AATTCATTCT,-77.62471924603176 | ,77.52471924603176,-77.52471924603176,0.1,-0.1,0,-0.0 | ,77.52471924603176,-77.52471924603176,0.1,-0.1,0,-0.0 | ,77.52471924603176,-77.52471924603176,0.1,-0.1,0,-0.0
MEPRPKAPAEPLTYKDYTFYPVTQEIIDALLEYFGITLEYLIEHQDEITEEEFSEFMSEYTGVDADYVLIRPKGLPKDDFSRWLISRKFPNEKVKEEGLAWLRKTLGSEDKEWEVL,TGTCAGAATGAATT,AATTCATTCT,-77.15765658120614 | ,77.06765658120614,-77.06765658120614,0.09,-0.09,0,-0.0
MVPEEVISPKKLTLEELLARKITPADLEEFKKEVDLSSEEYKKNFKRVFTEKFSEWLAEKTGNDPQLIKIILAIKFKDAELFKELLAKETDKSWLPLLKKYLEEQGLTELWEVAFE,TGTCAGAATGAATT,AATTCATTCT,-76.31922461063841 | ,76.21922461063842,-76.21922461063842,0.1,-0.1,0,-0.0 | ,76.21922461063842,-76.21922461063842,0.1,-0.1,0,-0.0 | ,76.21922461063842,-76.21922461063842,0.1,-0.1,0,-0.0 | ,76.21922461063842,-76.21922461063842,0.1,-0.1,0,-0.0 | ,76.21922461063842,-76.21922461063842,0.1,-0.1,0,-0.0
APPAPVPPPKKLTDEELIAHEITQEELEEFNKKVDFSTEEYKKDPKLFYLRELAKYLSEKTNRDPFYIEILLAIKEKDMETLKRLLKEEKDKSILPKIKKWLERYGLEDKWEEILS,TGTCAGAATGAATT,AATTCATTCT,-76.26179390891677 | ,76.14179390891677,-76.14179390891677,0.12,-0.12,0,-0.0 | ,76.14179390891677,-76.14179390891677,0.12,-0.12,0,-0.0 | ,76.14179390891677,-76.14179390891677,0.12,-0.12,0,-0.0
PVPPVPAEEVALLEEYSSEMPPLDVVEADYSKKYKVSREYLERNWTRELLDDIARFLSEKTGKDPLYIALQLAIERKDEELAAILSRELRERREREAAEAAAAAAAAAAAAAAALA,TGTCAGAATGAATT,AATTCATTCT,-75.95151306476092 | ,75.85151306476092,-75.85151306476092,0.1,-0.1,0,-0.0 | ,75.85151306476092,-75.85151306476092,0.1,-0.1,0,-0.0 | ,75.85151306476092,-75.85151306476092,0.1,-0.1,0,-0.0 | ,75.85151306476092,-75.85151306476092,0.1,-0.1,0,-0.0 | ,75.85151306476092,-75.85151306476092,0.1,-0.1,0,-0.0
MKKKKKVKPKVPTLQELLDREITPEDLEEFNKEVDTSSPEFKKNYKEVFTEKFSEWFSKKTGADPELIKIILAIKFEDAELLKKLLEKRKDLSWLPELIAYLKSQGLEHLITEALS,TGTCAGAATGAATT,AATTCATTCT,-75.31955573282079 | ,75.2195557328208,-75.2195557328208,0.1,-0.1,0,-0.0 | ,75.2195557328208,-75.2195557328208,0.1,-0.1,0,-0.0 | ,75.2195557328208,-75.2195557328208,0.1,-0.1,0,-0.0
PRPRPRVPSTPLTYQDYTFYPVTQEIIDALLKYFGISLEWLIENQDKITQEEFSKFMSEYTGVDRDYVLIRPEGLPRDDFSRWLIAPAFPNEEVRAAGLAFLRETLGTEDTRWLVL,TGTCAGAATGAATT,AATTCATTCT,-73.09467366397969 | ,72.9946736639797,-72.9946736639797,0.1,-0.1,0,-0.0

Iteration 9	,,,overall_score,pLDDT_chainABC,weighted_pLDDT_chainABC,ipTM,weighted_ipTM,ContactScore,weighted_ContactScore
MAPPVPPERLAELAEVESRMPPLDEVIAEYSREYNVSREYLEENWTEETLARIAEFLSRKTGRDPELIALALAREAGDAELVARLEARRAAAAAAAAAAAAAAQAAAALAEAAARL,TGTCAGAATGAATT,AATTCATTCT,-84.96841269219284 | ,84.86841269219285,-84.86841269219285,0.1,-0.1,0,-0.0 | ,84.86841269219285,-84.86841269219285,0.1,-0.1,0,-0.0 | ,84.86841269219285,-84.86841269219285,0.1,-0.1,0,-0.0 | ,84.86841269219285,-84.86841269219285,0.1,-0.1,0,-0.0 | ,84.86841269219285,-84.86841269219285,0.1,-0.1,0,-0.0
PRPRPRAPAEPLTFGRYTFLPVTQEIIDALLEYFGISREWLIAHWRELSREEFSAFMSEYTGVDQDYVLIAPRGTPADDFSRWLIAPAFPNEEEREAALAWLRERLGAEDVEFVVY,TGTCAGAATGAATT,AATTCATTCT,-83.79553869908828 | ,83.69553869908829,-83.69553869908829,0.1,-0.1,0,-0.0 | ,83.69553869908829,-83.69553869908829,0.1,-0.1,0,-0.0
PRPRPRAPAEPLTFGDVTFLPVTEEIIDALLKYFGISREWLIRNWRQISREEFSAFMSEYTGVDQDYVLIVPEGTPDDDFSRWLIAPAFPNEAEREAALAWLRERLGAEDTRFVVL,TGTCAGAATGAATT,AATTCATTCT,-83.45169448176344 | ,83.35169448176345,-83.35169448176345,0.1,-0.1,0,-0.0 | ,83.35169448176345,-83.35169448176345,0.1,-0.1,0,-0.0
PRPTPRAPAEPLTYRDYTFLPVTDEIIDALLEYFGISREWLIENWRKLTQEEFSAFMSEYTGVDRDYVLIAPRGLPKDDFSRLLIAPAFPNEEEREAALAWLRETLGTEDTEWVVY,TGTCAGAATGAATT,AATTCATTCT,-83.41574126017663 | ,83.32574126017663,-83.32574126017663,0.09,-0.09,0,-0.0 | ,83.32574126017663,-83.32574126017663,0.09,-0.09,0,-0.0 | ,83.32574126017663,-83.32574126017663,0.09,-0.09,0,-0.0 | ,83.32574126017663,-83.32574126017663,0.09,-0.09,0,-0.0
AAPPSPEELAARLAEVEATLPPVEEILKEYSAEFGISLEELKKNWTEELLTKIAEWIASKTGWDPELIKLALARQAGDKELVEKLEAERAAAREAAAAAAAAAAAAAAAAAAAAAL,TGTCAGAATGAATT,AATTCATTCT,-82.65628839192416 | ,82.55628839192417,-82.55628839192417,0.1,-0.1,0,-0.0 | ,82.55628839192417,-82.55628839192417,0.1,-0.1,0,-0.0
ALPPMPAAEVERLAEVRATLPPLSEILADFSREYNISLSYIYKNWTRELLRKIAEYISAKTGLDPYLIELALAEQAGDRELVAELRAERAAARAAAAAAAEAAAAAAAAAAAAAAL,TGTCAGAATGAATT,AATTCATTCT,-82.57534424603173 | ,82.47534424603174,-82.47534424603174,0.1,-0.1,0,-0.0 | ,82.47534424603174,-82.47534424603174,0.1,-0.1,0,-0.0 | ,82.47534424603174,-82.47534424603174,0.1,-0.1,0,-0.0 | ,82.47534424603174,-82.47534424603174,0.1,-0.1,0,-0.0
PLPPMPAEEVEALERVRAALPPLSEILEEFSKEYNIPLSYIYKNLTRELLEKIAKWISSKTGMDPYLIELALAEQLGDEELVAELRRRRAEAREAAAAAAAAAAAAAAAAAAAAAL,TGTCAGAATGAATT,AATTCATTCT,-82.18548941695276 | ,82.08548941695277,-82.08548941695277,0.1,-0.1,0,-0.0 | ,82.08548941695277,-82.08548941695277,0.1,-0.1,0,-0.0
PRPRPVAPATPLTYKDYTFYPVTQEIIDALLAYFGISLEWLIEHWDELTPEQFSAFMSEYTGVDKDYVFIRPRGLPRDDFSRWLIAPAFPNEEEREEALAWLRETLGAEDTEWEVL,TGTCAGAATGAATT,AATTCATTCT,-82.13066238120115 | ,82.04066238120114,-82.04066238120114,0.09,-0.09,0,-0.0 | ,82.04066238120114,-82.04066238120114,0.09,-0.09,0,-0.0
APPPSPEELAAALARVEATLPPVEEILREYSAEHGISLSELRENWTLELLDEIARWIASKTGWDPELIKLALARQAGDEEMVAQLRAAAAAARAAAAAAAAAAAAAAAAAAAAAAL,TGTCAGAATGAATT,AATTCATTCT,-81.14314091966462 | ,81.04314091966462,-81.04314091966462,0.1,-0.1,0,-0.0 | ,81.04314091966462,-81.04314091966462,0.1,-0.1,0,-0.0
ALPPTPAEELEKLAEVEANLPPVAEILAAYSAEFGISLSTLYENWTLETLDRIAQWVAAKTGWDPGLIKLALARQAGDREMVAELEAARAAARAAAAAAAAAAAAAAAAAAAAAAL,TGTCAGAATGAATT,AATTCATTCT,-80.50629094516593 | ,80.40629094516594,-80.40629094516594,0.1,-0.1,0,-0.0 | ,80.40629094516594,-80.40629094516594,0.1,-0.1,0,-0.0 | ,80.40629094516594,-80.40629094516594,0.1,-0.1,0,-0.0 | ,80.40629094516594,-80.40629094516594,0.1,-0.1,0,-0.0
LRPRPVAPATPLTYKLMTFYPVTQEIIDALLAYFGISLEWLIEHMDELTPVQFSAFMSEYTGVDKDYVFIRPRFSPRDDFSRYLIAPDSPNEEERQEALVWLPETLGAEDTEWEVV,TGTCAGAATGAATT,AATTCATTCT,-74.22248572859131 | ,74.12248572859131,-74.12248572859131,0.1,-0.1,0,-0.0
ALPPSPAAEEERLAEVRATLPPLSEILADFSREKNISASYIYKNWTRELLRKIAEYKSAKTGLDPLLFELALAEQAGDRELVAEWRAVRRAARAGASAIAERAAAAAAAAAAAAAL,TGTCAGAATGAATT,AATTCATTCT,-73.61377554485745 | ,73.51377554485745,-73.51377554485745,0.1,-0.1,0,-0.0
APPPSPEELAAALARTEATLPPHEEILREYSAEHGISLSELRENWTSELLDEIFRWQASKTGWDPELIKLALAQYAGDQEMVAQLTNAAAAAEAAAGAAAAAAAAGAAAAAAAAGL,TGTCAGAATGAATT,AATTCATTCT,-70.37481441259888 | ,70.27481441259889,-70.27481441259889,0.1,-0.1,0,-0.0
MAPPVPWEHLAELAEVESRMPPLDEVIPEYSREYNYSAEYLEENWTEETLARIAEQLSRKTGRDPELIARALAREAGDAYLVADLEARRAAAAANAAAAPAAAQAAAALAEQATIL,TGTCAGAATGAATT,AATTCATTCT,-66.05678125466486 | ,65.95678125466486,-65.95678125466486,0.1,-0.1,0,-0.0
ALPHMPAFEHERLAEVRATLPPLSEILADFSREYNIMQSYIYKNWTRELTRKIEPGISAKTGLDPALIELALKEQAGDRELVAELRLERAAARAAAAAAAPAAAAYAAAAAAAAAL,TGTCAGAATGAATT,AATTCATTCT,-62.332128405359015 | ,62.23212840535901,-62.23212840535901,0.1,-0.1,0,-0.0
APPPSPEELAFALLRTEATLPPHEEILREYSAEHGIILSEHRENWTSYLLDEIFRWQASKEGWDPELIKIAHAGWAGDQEMVAQYTNAAAAAEPIAGAAAAAAAAGAAAAAAAASL,TGTCAGAATGAATT,AATTCATTCT,-61.4808723503508 | ,61.3808723503508,-61.3808723503508,0.1,-0.1,0,-0.0
ALPPSPAQEYERLAEVRATLEPLEEILADFSREKNISASYQYKNWTRELLSVIAEKKSYKTGLDPLLVELYLAEQAADRELVAEWRAVLRAARAGISAIAERAAAAAAAAAAAAAL,TGTCAGAATGAATT,AATTCATTCT,-54.438333529258095 | ,54.338333529258094,-54.338333529258094,0.1,-0.1,0,-0.0
NVPPVPKEHLAELASVLSSMPPLDEHIPEYKREYNPSWEYLEENWTEETIAREADGLSRKTNRDPELIADALPRGAGDAYMVADDSARVAAAAANAAAAFARAQAAAALVDQATVL,TGTCAGAATGAATT,AATTCATTCT,-52.92184332549635 | ,52.821843325496346,-52.821843325496346,0.1,-0.1,0,-0.0
MVPPVPKEHLAELASVLSSMPPLDEHIPEYSREYNYSWEYLEENWTEETLAREAEQLSRKTNRDPELIARALPREAGDAYLVADNSARRAAAAANAAAAFAAAQAAAALADQATIL,TGTCAGAATGAATT,AATTCATTCT,-46.118937950937955 | ,46.01893795093795,-46.01893795093795,0.1,-0.1,0,-0.0
PRVMPVAPATPLTYKYHTRYPVEQEIIDALLWYFGISLEWLIEHWDELTPAQFSAFMSEYTVVDKDYVFIRPPGLPRDDFSRGLIAPASPNEEEREEASAELRETLGAEDTEWEVL,TGTCAGAATGAATT,AATTCATTCT,-41.63158818169378 | ,41.53158818169378,-41.53158818169378,0.1,-0.1,0,-0.0

Iteration 10	,,,overall_score,pLDDT_chainABC,weighted_pLDDT_chainABC,ipTM,weighted_ipTM,ContactScore,weighted_ContactScore
AAPLPRAPAEPLTFGEVTFLPVTQEIIDALLKYFGISLEWLIEHWDEISKEDFSAFMSEYTGVDREYVLIAPKGTPSDAFDRFLIAPAFPDEATRDAALAWLRRALGAEGVEFVVY,TGTCAGAATGAATT,AATTCATTCT,-86.88210479391297 | ,86.78210479391298,-86.78210479391298,0.1,-0.1,0,-0.0
MAPPVPPERLAELAEVESRMPPLDEVIAEYSREYNVSREYLEENWTEETLARIAEFLSRKTGRDPELIALALAREAGDAELVARLEARRAAAAAAAAAAAAAAQAAAALAEAAARL,TGTCAGAATGAATT,AATTCATTCT,-84.96841269219284 | ,84.86841269219285,-84.86841269219285,0.1,-0.1,0,-0.0 | ,84.86841269219285,-84.86841269219285,0.1,-0.1,0,-0.0 | ,84.86841269219285,-84.86841269219285,0.1,-0.1,0,-0.0 | ,84.86841269219285,-84.86841269219285,0.1,-0.1,0,-0.0 | ,84.86841269219285,-84.86841269219285,0.1,-0.1,0,-0.0
ARPFPRAPAEPLTFGDITFLPVTQEMVDALLAYFGISREWLVANWREISREEFSAFMAEYTGVDQEYVLIIPEGTPPDDFSRWLVAPAFPDEETRRAALAWLREHLGAPDTRFTVI,TGTCAGAATGAATT,AATTCATTCT,-84.73895816850774 | ,84.63895816850774,-84.63895816850774,0.1,-0.1,0,-0.0
APPPTPEELAAALAEVEASLPPPEEIFKEYSEEFGISLEEIRANLTPELLRRIAEWIASKTGWDPRLIELALARKLGDEELVARLEAEAAAARAAAAAAAAAAAAAAAAAAAAAAA,TGTCAGAATGAATT,AATTCATTCT,-84.22650055045528 | ,84.11650055045529,-84.11650055045529,0.11,-0.11,0,-0.0
PRPRPRAPAEPLTFGRYTFLPVTQEIIDALLEYFGISREWLIAHWRELSREEFSAFMSEYTGVDQDYVLIAPRGTPADDFSRWLIAPAFPNEEEREAALAWLRERLGAEDVEFVVY,TGTCAGAATGAATT,AATTCATTCT,-83.79553869908828 | ,83.69553869908829,-83.69553869908829,0.1,-0.1,0,-0.0 | ,83.69553869908829,-83.69553869908829,0.1,-0.1,0,-0.0 | ,83.69553869908829,-83.69553869908829,0.1,-0.1,0,-0.0
PRPRPRAPAEPLTFGDVTFLPVTEEIIDALLKYFGISREWLIRNWRQISREEFSAFMSEYTGVDQDYVLIVPEGTPDDDFSRWLIAPAFPNEAEREAALAWLRERLGAEDTRFVVL,TGTCAGAATGAATT,AATTCATTCT,-83.45169448176344 | ,83.35169448176345,-83.35169448176345,0.1,-0.1,0,-0.0 | ,83.35169448176345,-83.35169448176345,0.1,-0.1,0,-0.0 | ,83.35169448176345,-83.35169448176345,0.1,-0.1,0,-0.0
PRPTPRAPAEPLTYRDYTFLPVTDEIIDALLEYFGISREWLIENWRKLTQEEFSAFMSEYTGVDRDYVLIAPRGLPKDDFSRLLIAPAFPNEEEREAALAWLRETLGTEDTEWVVY,TGTCAGAATGAATT,AATTCATTCT,-83.41574126017663 | ,83.32574126017663,-83.32574126017663,0.09,-0.09,0,-0.0 | ,83.32574126017663,-83.32574126017663,0.09,-0.09,0,-0.0 | ,83.32574126017663,-83.32574126017663,0.09,-0.09,0,-0.0 | ,83.32574126017663,-83.32574126017663,0.09,-0.09,0,-0.0 | ,83.32574126017663,-83.32574126017663,0.09,-0.09,0,-0.0
AAPPSPEELAARLAEVEATLPPVEEILKEYSAEFGISLEELKKNWTEELLTKIAEWIASKTGWDPELIKLALARQAGDKELVEKLEAERAAAREAAAAAAAAAAAAAAAAAAAAAL,TGTCAGAATGAATT,AATTCATTCT,-82.65628839192416 | ,82.55628839192417,-82.55628839192417,0.1,-0.1,0,-0.0 | ,82.55628839192417,-82.55628839192417,0.1,-0.1,0,-0.0 | ,82.55628839192417,-82.55628839192417,0.1,-0.1,0,-0.0
ALPPMPAAEVERLAEVRATLPPLSEILADFSREYNISLSYIYKNWTRELLRKIAEYISAKTGLDPYLIELALAEQAGDRELVAELRAERAAARAAAAAAAEAAAAAAAAAAAAAAL,TGTCAGAATGAATT,AATTCATTCT,-82.57534424603173 | ,82.47534424603174,-82.47534424603174,0.1,-0.1,0,-0.0 | ,82.47534424603174,-82.47534424603174,0.1,-0.1,0,-0.0 | ,82.47534424603174,-82.47534424603174,0.1,-0.1,0,-0.0 | ,82.47534424603174,-82.47534424603174,0.1,-0.1,0,-0.0 | ,82.47534424603174,-82.47534424603174,0.1,-0.1,0,-0.0
APPRPRAPSEPLTFGDYTFLPVTQEIIDALLEYFGISLEWLIENWRKLSEEEFSAFMSEYTGVDQKYVFIAPRGTPKDDFSRWLIAPAFPNEEVRNAALAWLREALGAEDTEFVVY,TGTCAGAATGAATT,AATTCATTCT,-82.34649519661373 | ,82.25649519661373,-82.25649519661373,0.09,-0.09,0,-0.0
PLPPMPAEEVEALERVRAALPPLSEILEEFSKEYNIPLSYIYKNLTRELLEKIAKWISSKTGMDPYLIELALAEQLGDEELVAELRRRRAEAREAAAAAAAAAAAAAAAAAAAAAL,TGTCAGAATGAATT,AATTCATTCT,-82.18548941695276 | ,82.08548941695277,-82.08548941695277,0.1,-0.1,0,-0.0 | ,82.08548941695277,-82.08548941695277,0.1,-0.1,0,-0.0 | ,82.08548941695277,-82.08548941695277,0.1,-0.1,0,-0.0
PRPRPVAPATPLTYKDYTFYPVTQEIIDALLAYFGISLEWLIEHWDELTPEQFSAFMSEYTGVDKDYVFIRPRGLPRDDFSRWLIAPAFPNEEEREEALAWLRETLGAEDTEWEVL,TGTCAGAATGAATT,AATTCATTCT,-82.13066238120115 | ,82.04066238120114,-82.04066238120114,0.09,-0.09,0,-0.0 | ,82.04066238120114,-82.04066238120114,0.09,-0.09,0,-0.0 | ,82.04066238120114,-82.04066238120114,0.09,-0.09,0,-0.0
MKPRPRAPAEPLTFGDVTFLPVTEEIINALLKYFGITLEWLIEHWRELSREEFSKFMSEYTGVEREYVLIAPRGTADDDFSRWLIAPAFPNQAERDAALAWLRERLGAEDTEFVVY,TGTCAGAATGAATT,AATTCATTCT,-82.02792838196288 | ,81.93792838196288,-81.93792838196288,0.09,-0.09,0,-0.0
PAPKPLAPSEPITFGEYTFYPVTQEIIDALLEYFGISLEWLIKNFDELTPEEFSKFMSEYTGVDTDYVLIRPKGLPIDDFSSWLITPAFPNEEVKNENIEWLKKHMGAEDVEWEVL,TGTCAGAATGAATT,AATTCATTCT,-82.0136373805792 | ,81.9236373805792,-81.9236373805792,0.09,-0.09,0,-0.0
APPPSPEELAAALARVEATLPPVEEILREYSAEHGISLSELRENWTLELLDEIARWIASKTGWDPELIKLALARQAGDEEMVAQLRAAAAAARAAAAAAAAAAAAAAAAAAAAAAL,TGTCAGAATGAATT,AATTCATTCT,-81.14314091966462 | ,81.04314091966462,-81.04314091966462,0.1,-0.1,0,-0.0 | ,81.04314091966462,-81.04314091966462,0.1,-0.1,0,-0.0 | ,81.04314091966462,-81.04314091966462,0.1,-0.1,0,-0.0
ALPPTPAEELEKLAEVEANLPPVAEILAAYSAEFGISLSTLYENWTLETLDRIAQWVAAKTGWDPGLIKLALARQAGDREMVAELEAARAAARAAAAAAAAAAAAAAAAAAAAAAL,TGTCAGAATGAATT,AATTCATTCT,-80.50629094516593 | ,80.40629094516594,-80.40629094516594,0.1,-0.1,0,-0.0 | ,80.40629094516594,-80.40629094516594,0.1,-0.1,0,-0.0 | ,80.40629094516594,-80.40629094516594,0.1,-0.1,0,-0.0 | ,80.40629094516594,-80.40629094516594,0.1,-0.1,0,-0.0 | ,80.40629094516594,-80.40629094516594,0.1,-0.1,0,-0.0
ALPPMPAEERERLAEVRATLPPLSKIIEDYSKEYKISISYMRENWTEELLRKIANYISEKTGRDPRLIELALAEEAGDTELVARLRAELAAARAAAAAAAAAAAAAKAAAEAAAKL,TGTCAGAATGAATT,AATTCATTCT,-80.32872378962034 | ,80.22872378962035,-80.22872378962035,0.1,-0.1,0,-0.0
AAPPPLAPSEPLTYRDYTFYPVTQEIIDALLKYFGISLEWLIEHFDEITPEEFSAFMSEYTGVDRDYVFVRPAGLPRDDFSSWLITPAFPDEATREEALAWLRRARGAEDVEWVVL,TGTCAGAATGAATT,AATTCATTCT,-80.19671100475198 | ,80.10671100475197,-80.10671100475197,0.09,-0.09,0,-0.0
ALPPMPAEEIEALARVKAALPPISEILEEFSKEFKIPLSTIYKNLTRELLRKIANWISSKTGMDPYLIELALAEQLGLEDLVAELRRRRAAARAAAEAAAAAAAAAAAAAAAAAAA,TGTCAGAATGAATT,AATTCATTCT,-78.54162593297508 | ,78.44162593297509,-78.44162593297509,0.1,-0.1,0,-0.0
MLPPLPEEEVRALAEVRAALPPLEEILREFSKEFGIPLSYIYKNWTRELLRKIAEWISSKTGMDPYLIELALAEQAGDTELVRELIERRAEAREAAAAAAAAAAAAAAAAAAAAAA,TGTCAGAATGAATT,AATTCATTCT,-77.3496872107777 | ,77.24968721077771,-77.24968721077771,0.1,-0.1,0,-0.0
